{
  "xgb_orig": {
    "brier_score": 0.23878520727157593,
    "ece": 0.2380120036648769,
    "calibration_curve_x": [
      0.48184772495836076,
      0.5122423087877612
    ],
    "calibration_curve_y": [
      0.14119922630560927,
      0.5362903225806451
    ]
  },
  "mlp_aug": {
    "brier_score": 0.21639543771743774,
    "ece": 0.23260096931963964,
    "calibration_curve_x": [
      0.06319289871801932,
      0.15523659599863965,
      0.2553349930506486,
      0.3531087584355298,
      0.4569507388350291,
      0.5490520791573958,
      0.6472050863869336,
      0.7340179742910923,
      0.8540976558412824,
      0.9486028762424693
    ],
    "calibration_curve_y": [
      0.0,
      0.043478260869565216,
      0.015384615384615385,
      0.15441176470588236,
      0.1346153846153846,
      0.3515151515151515,
      0.3945578231292517,
      0.4358974358974359,
      0.8571428571428571,
      1.0
    ]
  }
}