{
  "Equal (1:1)": {
    "fp_cost": 1.0,
    "fn_cost": 1.0,
    "XGB-Orig": {
      "optimal_threshold": 0.5100000000000001,
      "min_cost": 161.0,
      "f1": 0.5106382978723404,
      "precision": 0.6829268292682927,
      "recall": 0.4077669902912621,
      "fp": 39,
      "fn": 122
    },
    "MLP-Aug": {
      "optimal_threshold": 0.7400000000000002,
      "min_cost": 171.0,
      "f1": 0.3132530120481928,
      "precision": 0.9069767441860465,
      "recall": 0.18932038834951456,
      "fp": 4,
      "fn": 167
    }
  },
  "FN=2\u00d7FP": {
    "fp_cost": 1.0,
    "fn_cost": 2.0,
    "XGB-Orig": {
      "optimal_threshold": 0.5000000000000001,
      "min_cost": 261.0,
      "f1": 0.5859030837004405,
      "precision": 0.5362903225806451,
      "recall": 0.6456310679611651,
      "fp": 115,
      "fn": 73
    },
    "MLP-Aug": {
      "optimal_threshold": 0.5300000000000001,
      "min_cost": 297.0,
      "f1": 0.5545286506469501,
      "precision": 0.44776119402985076,
      "recall": 0.7281553398058253,
      "fp": 185,
      "fn": 56
    }
  },
  "FN=5\u00d7FP": {
    "fp_cost": 1.0,
    "fn_cost": 5.0,
    "XGB-Orig": {
      "optimal_threshold": 0.49000000000000005,
      "min_cost": 399.0,
      "f1": 0.5788561525129983,
      "precision": 0.4501347708894879,
      "recall": 0.8106796116504854,
      "fp": 204,
      "fn": 39
    },
    "MLP-Aug": {
      "optimal_threshold": 0.49000000000000005,
      "min_cost": 437.0,
      "f1": 0.5430894308943089,
      "precision": 0.4083129584352078,
      "recall": 0.8106796116504854,
      "fp": 242,
      "fn": 39
    }
  },
  "FN=10\u00d7FP": {
    "fp_cost": 1.0,
    "fn_cost": 10.0,
    "XGB-Orig": {
      "optimal_threshold": 0.4800000000000001,
      "min_cost": 461.0,
      "f1": 0.5186170212765957,
      "precision": 0.35714285714285715,
      "recall": 0.9466019417475728,
      "fp": 351,
      "fn": 11
    },
    "MLP-Aug": {
      "optimal_threshold": 0.30000000000000004,
      "min_cost": 490.0,
      "f1": 0.4636363636363636,
      "precision": 0.3026706231454006,
      "recall": 0.9902912621359223,
      "fp": 470,
      "fn": 2
    }
  }
}