{"mean":[5518803.190433815,4828941.948320355,14.172299999818412,14.173880644871364,0.500111234705228,0.23492769744160177,0.485650723025584,5518803.190433815,18.081201334816463,5676952.680074805,181451865.11523914,0.2914604164063148,5518803.190433815,489.8013348164627,10677865.750065856,5518803.190433815,950.0064516129032,13740111.427661672,5518803.190433815,1211.0538375973304,16068058.434505176,5518803.190433815,151.22647385984428,10696574.449500838,5518803.190433815,481.5348164627364,14149648.54269097,4.017396322444981,3.902404582135434,0.0,-1.3038140565056946,-1.1457195772097064,0.28204834020915204,0.28679507698129486,0.2853561389326371,0.2902172313400129,0.28930747400892,0.2913794623568736,0.28563851627204895,0.28911527792368996,0.2892101409809744,0.03364326448494868,0.10896581419721084,0.21134737521977823,0.10712676673253313,0.2694224332808299,0.018037542641001433,0.5946623179134892,0.4989973038885129,0.2899218883978331,0.2853148097877265,0.28639719993387225,0.2960143512294402,0.08013288773461057,0.024484156787729784,0.04387933199785697,0.0362007470913795,2.6095661846496108,69.90411568409344],"scale":[16789298.910078727,10180648.681957386,1.5821619317431308,1.5442030584702857,0.2886750549053927,0.4239536229546682,0.49979405583731334,12473676.430555265,33.44804003034541,10838195.140870782,492081784.23070395,0.2808964070959701,7104482.114811859,143.4635381674915,10962648.086629797,3272825.995991968,741.4152175156078,9106012.308716012,2230454.880557543,270.7603174267959,4352310.135132357,9010197.0136768,76.0719983440702,9548514.605074577,3180608.3926984034,271.3955366814998,8525694.393923273,12.722197129826963,12.666630292417446,0.8280402907018377,1.5708344971026569,1.5736268853144626,0.11581744578759982,0.06897013010739356,0.09190377462256358,0.10381079251030717,0.0987899924884936,0.0935849159804796,0.04409020930882925,0.01963435490784205,0.07596480217811302,0.016923692623819844,0.03191624875806262,0.16494220634385043,0.06037720504593987,0.06023588819283557,0.017426378334260802,0.3076830551002152,0.01816237963898867,0.10680172522656847,0.08815477880425529,0.09261611395000988,0.08539423864876465,0.07284858652810064,0.018434948240049806,0.02540022778293739,0.04235725819091721,1.593911430852283,33.405406347962455],"n_features":59}