{
  "experiment": "split_instability_analysis",
  "n_splits": 30,
  "seeds": [
    1,
    2,
    3,
    4,
    5,
    6,
    7,
    8,
    9,
    10,
    11,
    12,
    13,
    14,
    15,
    16,
    17,
    18,
    19,
    20,
    21,
    22,
    23,
    24,
    25,
    26,
    27,
    28,
    29,
    30
  ],
  "split_ratios": {
    "train": 0.7,
    "val": 0.15,
    "test": 0.15
  },
  "models": {
    "XGB-Orig": {
      "type": "XGBoost",
      "training_data": "original (no augmentation)",
      "class_balancing": "scale_pos_weight",
      "hyperparams_source": "v4 Optuna best"
    },
    "MLP-Aug": {
      "type": "Residual MLP with Entity Embeddings",
      "training_data": "SMOTE augmented",
      "class_balancing": "SMOTE + weighted sampler",
      "hyperparams_source": "DL v3 Optuna best (Exp A)"
    }
  },
  "original_v4_results": {
    "XGB-Orig": {
      "test_auc": 0.8091,
      "test_f1": 0.5859,
      "test_precision": 0.5363,
      "test_recall": 0.6456,
      "val_auc": 0.7517
    },
    "MLP-Aug": {
      "test_auc": 0.7601,
      "test_f1": 0.5499,
      "test_precision": 0.4492,
      "test_recall": 0.7087,
      "val_auc": 0.7102
    }
  },
  "summary": {
    "Test AUC-ROC": {
      "XGB-Orig": {
        "mean": 0.7716782722231621,
        "std": 0.02768548401252988,
        "ci_95": [
          0.7613403425937652,
          0.782016201852559
        ],
        "range": [
          0.7032807863501483,
          0.8171468507966576
        ]
      },
      "MLP-Aug": {
        "mean": 0.7467929583392314,
        "std": 0.033774182717912694,
        "ci_95": [
          0.7341814712483735,
          0.7594044454300893
        ],
        "range": [
          0.6522366468842731,
          0.7977610164652138
        ]
      },
      "delta": {
        "mean": 0.02488531388393027,
        "std": 0.01778250661797882
      },
      "paired_t_test": {
        "t_statistic": 7.664975505221735,
        "p_value": 1.883624291133463e-08,
        "significant_at_005": true
      }
    },
    "Test F1 (t=0.5)": {
      "XGB-Orig": {
        "mean": 0.5604254936789125,
        "std": 0.040221520621373685,
        "ci_95": [
          0.545406531049149,
          0.5754444563086759
        ],
        "range": [
          0.4657534246575342,
          0.6455445544554456
        ]
      },
      "MLP-Aug": {
        "mean": 0.5464131561861627,
        "std": 0.03856886794424199,
        "ci_95": [
          0.5320113042079699,
          0.5608150081643555
        ],
        "range": [
          0.4861407249466951,
          0.613614573346117
        ]
      },
      "delta": {
        "mean": 0.014012337492749738,
        "std": 0.029442285277352626
      },
      "paired_t_test": {
        "t_statistic": 2.606751906604894,
        "p_value": 0.014285672760253597,
        "significant_at_005": true
      }
    },
    "Test Precision": {
      "XGB-Orig": {
        "mean": 0.5229630912191159,
        "std": 0.05006670315408651,
        "ci_95": [
          0.5042678770141339,
          0.5416583054240979
        ],
        "range": [
          0.4385026737967914,
          0.6586538461538461
        ]
      },
      "MLP-Aug": {
        "mean": 0.41542452919918793,
        "std": 0.036419384817952254,
        "ci_95": [
          0.4018253074112098,
          0.42902375098716605
        ],
        "range": [
          0.3578336557059961,
          0.483695652173913
        ]
      },
      "delta": {
        "mean": 0.10753856201992797,
        "std": 0.03715963538049338
      },
      "paired_t_test": {
        "t_statistic": 15.850881101729692,
        "p_value": 8.025352307070764e-16,
        "significant_at_005": true
      }
    },
    "Test Recall": {
      "XGB-Orig": {
        "mean": 0.6099989476490125,
        "std": 0.06362034456745688,
        "ci_95": [
          0.5862427205648593,
          0.6337551747331658
        ],
        "range": [
          0.4540059347181009,
          0.7373417721518988
        ]
      },
      "MLP-Aug": {
        "mean": 0.8068345837930339,
        "std": 0.08083559953191359,
        "ci_95": [
          0.7766500748592972,
          0.8370190927267706
        ],
        "range": [
          0.6047197640117994,
          0.9246376811594202
        ]
      },
      "delta": {
        "mean": -0.1968356361440212,
        "std": 0.07767638073050478
      },
      "paired_t_test": {
        "t_statistic": -13.879549616376542,
        "p_value": 2.4444532550459263e-14,
        "significant_at_005": true
      }
    },
    "Test AP": {
      "XGB-Orig": {
        "mean": 0.6339912467139329,
        "std": 0.045762398284776275,
        "ci_95": [
          0.6169032863616292,
          0.6510792070662367
        ],
        "range": [
          0.5360311267009437,
          0.6943165884812679
        ]
      },
      "MLP-Aug": {
        "mean": 0.6014872900537225,
        "std": 0.052745951908809374,
        "ci_95": [
          0.5817916279218255,
          0.6211829521856195
        ],
        "range": [
          0.48962489174211266,
          0.7020625991385688
        ]
      },
      "delta": {
        "mean": 0.0325039566602103,
        "std": 0.02165158426175735
      },
      "paired_t_test": {
        "t_statistic": 8.22256240270266,
        "p_value": 4.577117506502624e-09,
        "significant_at_005": true
      }
    },
    "Val AUC-ROC": {
      "XGB-Orig": {
        "mean": 0.7729920977892486,
        "std": 0.022094222604905414,
        "ci_95": [
          0.7647419794816774,
          0.7812422160968198
        ],
        "range": [
          0.7275681341719077,
          0.8164331924586771
        ]
      },
      "MLP-Aug": {
        "mean": 0.7466108122865752,
        "std": 0.029420748994486223,
        "ci_95": [
          0.7356249240640144,
          0.7575967005091361
        ],
        "range": [
          0.6718589344416606,
          0.7898963386079425
        ]
      },
      "delta": {
        "mean": 0.026381285502673116,
        "std": 0.01622282622405717
      },
      "paired_t_test": {
        "t_statistic": 8.906971551214934,
        "p_value": 8.517971147177002e-10,
        "significant_at_005": true
      }
    },
    "Test F1 (opt-t)": {
      "XGB-Orig": {
        "mean": 0.5602815245717655,
        "std": 0.03965298865816662,
        "ci_95": [
          0.5454748552660067,
          0.5750881938775243
        ],
        "range": [
          0.4657534246575342,
          0.6271870794078062
        ]
      },
      "MLP-Aug": {
        "mean": 0.5470554670391065,
        "std": 0.04213584107680306,
        "ci_95": [
          0.5313216854035642,
          0.5627892486746487
        ],
        "range": [
          0.48325358851674644,
          0.6226650062266501
        ]
      },
      "delta": {
        "mean": 0.013226057532658885,
        "std": 0.026729223277334152
      },
      "paired_t_test": {
        "t_statistic": 2.710220937711025,
        "p_value": 0.011173410201851378,
        "significant_at_005": true
      }
    }
  },
  "total_time_minutes": 17.388007378578187,
  "win_rates": {
    "test_auc": {
      "xgb_wins": 28,
      "mlp_wins": 2,
      "ties": 0
    },
    "test_f1": {
      "xgb_wins": 22,
      "mlp_wins": 8
    }
  }
}